CustomerID,Jun_hesap_bakiyesi,credit_card_tran_Amt_6,Haziran_Trans_Amt
709831983,13834.95756,1530.57,35654.89
766131033,-931.0176107,812.97,4529.03
720067083,-1982.896763,1168.03,7088.89
716790633,10151.02,4974.8,10584.98
820085808,-3445.362904,1655.31,6347.48
714499908,-89.10309259,1154.52,10345.18
716966808,7834.797194,1661.83,18099.3
715485483,6022.45,1703.1,5013.54
778888083,8072.01,1345.75,8131.55
715705683,-5103.239955,1073.94,5741.57
